<?xml version="1.0" encoding="UTF-8"?>

<!DOCTYPE hibernate-mapping PUBLIC
          "-//Hibernate/Hibernate Mapping DTD 3.0//EN"
          "http://hibernate.sourceforge.net/hibernate-mapping-3.0.dtd">

<hibernate-mapping>
	<class name="com.lti.hrAppl.entities.BusRoute" table="route">
		<id name="routeId" type="string" column="route_Id">
			<generator class="assigned" />
		</id>

		<property name="source">
			<column name="source" />
		</property>
		<property name="destination">
			<column name="destination" />
		</property>
	</class>

	<class name="com.lti.hrAppl.entities.BusDetails" table="bus_Details">
		<id name="busNo" type="string" column="bus_No">
			<generator class="assigned" />
		</id>

		<property name="routeId">
			<column name="route_Id" />
		</property>
		<property name="providerName">
			<column name="provider_Name" />
		</property>
		<property name="fare">
			<column name="fare" />
		</property>
		<property name="category">
			<column name="bus_Category" />
		</property>
		<property name="deptTime">
			<column name="departure_time" />
		</property>
		<property name="arrTime">
			<column name="arrival_time" />
		</property>
	</class>

	<class name="com.lti.hrAppl.entities.TravelDayDetails" table="bus_days">
		<composite-id>
			<key-property name="travelDay">
				<column name="day" />
			</key-property>
			<key-property name="busNo">
				<column name="bus_No"/>
			</key-property>
		</composite-id>
	</class>
	
	<class name="com.lti.hrAppl.entities.Customer" table="customer">
		<id name="email" type="string" column="email_Id">
			<generator class="assigned" />
		</id>

		<property name="password">
			<column name="password" />
		</property>
		<property name="custName">
			<column name="customer_Name" />
		</property>
		<property name="mobileNo">
			<column name="mobile_No" />
		</property>
		<property name="gender">
			<column name="customer_Gender" />
		</property>
	</class>
</hibernate-mapping>
